{"payload":{"installed_packages":["absl-py==1.4.0","attrs==23.1.0","boto3==1.28.49","botocore==1.31.49","cachetools==5.3.1","certifi==2022.12.7","chardet==4.0.0","charset-normalizer==3.2.0","click==8.1.7","colorama==0.4.6","comet-ml==3.33.10","configobj==5.0.8","contourpy==1.1.1","cycler==0.10.0","dulwich==0.21.6","everett==3.1.0","filelock==3.12.4","fire==0.5.0","fonttools==4.42.1","fsspec==2023.9.1","gitdb==4.0.10","gitpython==3.1.36","google-auth-oauthlib==1.0.0","google-auth==2.23.0","grpcio==1.58.0","huggingface-hub==0.17.1","idna==2.10","jinja2==3.1.2","jmespath==1.0.1","jsonschema-specifications==2023.7.1","jsonschema==4.19.0","kiwisolver==1.4.5","labelimg==1.8.6","lxml==4.9.3","markdown-it-py==3.0.0","markdown==3.4.4","markupsafe==2.1.3","matplotlib==3.8.0","mdurl==0.1.2","mpmath==1.3.0","networkx==3.1","numpy==1.25.2","oauthlib==3.2.2","opencv-python-headless==4.8.0.74","opencv-python==4.8.0.76","packaging==23.1","pandas==2.1.0","pillow==9.5.0","pip==23.2.1","protobuf==4.24.3","psutil==5.9.5","py-cpuinfo==9.0.0","pyasn1-modules==0.3.0","pyasn1==0.5.0","pybboxes==0.1.6","pygments==2.16.1","pyparsing==2.4.7","pyqt5-qt5==5.15.2","pyqt5-sip==12.12.2","pyqt5==5.15.9","python-box==6.1.0","python-dateutil==2.8.2","python-dotenv==1.0.0","pytz==2023.3.post1","pyyaml==6.0.1","referencing==0.30.2","requests-oauthlib==1.3.1","requests-toolbelt==1.0.0","requests==2.31.0","rich==13.5.3","roboflow==1.1.6","rpds-py==0.10.3","rsa==4.9","s3transfer==0.6.2","sahi==0.11.14","scipy==1.11.2","seaborn==0.12.2","semantic-version==2.10.0","sentry-sdk==1.31.0","setuptools==68.2.2","shapely==2.0.1","simplejson==3.19.1","six==1.16.0","smmap==5.0.0","supervision==0.14.0","sympy==1.12","tensorboard-data-server==0.7.1","tensorboard==2.14.0","termcolor==2.3.0","terminaltables==3.1.10","thop==0.1.1.post2209072238","torch==2.0.1","torchvision==0.15.2","tqdm==4.66.1","typing-extensions==4.7.1","tzdata==2023.3","ultralytics==8.0.180","urllib3==1.26.16","websocket-client==1.3.3","werkzeug==2.3.7","wheel==0.41.2","wrapt==1.15.0","wurlitzer==3.0.3","yolov5==7.0.12"],"local_timestamp":1694978839491},"type":"ws_msg"}
{"payload":{"env_details":{"command":["train.py","--img-size","120","--batch-size","16","--epochs","5","--data","dataset.yml","--weights","yolov5s.pt","--workers","1"],"env":null,"hostname":"DESKTOP-TR6PFEC","ip":"192.168.1.10","machine":"AMD64","os":"Windows-10-10.0.19045-SP0","os_release":"10","os_type":"Windows","pid":10500,"processor":"Intel64 Family 6 Model 69 Stepping 1, GenuineIntel","python_exe":"C:\\Users\\heyit\\python.exe","python_version":"3.11.5","python_version_verbose":"3.11.5 (tags/v3.11.5:cce6ba9, Aug 24 2023, 14:38:34) [MSC v.1936 64 bit (AMD64)]","user":"heyit"},"local_timestamp":1694978839599},"type":"ws_msg"}
{"payload":{"local_timestamp":1694978841048,"metric":{"epoch":null,"metricName":"sys.cpu.percent.avg","metricValue":36.0,"step":null}},"type":"metric_msg"}
{"payload":{"local_timestamp":1694978841048,"metric":{"epoch":null,"metricName":"sys.load.avg","metricValue":0.0,"step":null}},"type":"metric_msg"}
{"payload":{"local_timestamp":1694978841048,"metric":{"epoch":null,"metricName":"sys.ram.total","metricValue":8262414336,"step":null}},"type":"metric_msg"}
{"payload":{"local_timestamp":1694978841048,"metric":{"epoch":null,"metricName":"sys.ram.used","metricValue":6495752192,"step":null}},"type":"metric_msg"}
{"payload":{"local_timestamp":1694978841051,"param":{"paramName":"img-size","paramValue":120,"source":"cli","step":null}},"type":"parameter_msg"}
{"payload":{"local_timestamp":1694978841051,"param":{"paramName":"batch-size","paramValue":16,"source":"cli","step":null}},"type":"parameter_msg"}
{"payload":{"local_timestamp":1694978841051,"param":{"paramName":"epochs","paramValue":5,"source":"cli","step":null}},"type":"parameter_msg"}
{"payload":{"local_timestamp":1694978841051,"param":{"paramName":"data","paramValue":"dataset.yml","source":"cli","step":null}},"type":"parameter_msg"}
{"payload":{"local_timestamp":1694978841051,"param":{"paramName":"weights","paramValue":"yolov5s.pt","source":"cli","step":null}},"type":"parameter_msg"}
{"payload":{"local_timestamp":1694978841051,"param":{"paramName":"workers","paramValue":1,"source":"cli","step":null}},"type":"parameter_msg"}
{"payload":{"local_timestamp":1694978841051,"log_other":{"key":"offline_experiment","val":true}},"type":"ws_msg"}
{"payload":{"local_timestamp":1694978841051,"log_other":{"key":"Name","val":"exp"}},"type":"ws_msg"}
{"payload":{"local_timestamp":1694978841051,"stderr":true,"stdout":"Traceback (most recent call last):\n"},"type":"ws_msg"}
{"payload":{"local_timestamp":1694978841051,"stderr":true,"stdout":"  File \"E:\\ODETECT\\drowsiness\\yolov5\\yolov5-master\\train.py\", line 647, in <module>\n"},"type":"ws_msg"}
{"payload":{"local_timestamp":1694978841051,"stderr":true,"stdout":"    "},"type":"ws_msg"}
{"payload":{"local_timestamp":1694978841051,"stderr":true,"stdout":"main(opt)"},"type":"ws_msg"}
{"payload":{"local_timestamp":1694978841051,"stderr":true,"stdout":"\n"},"type":"ws_msg"}
{"payload":{"local_timestamp":1694978841051,"stderr":true,"stdout":"  File \"E:\\ODETECT\\drowsiness\\yolov5\\yolov5-master\\train.py\", line 536, in main\n"},"type":"ws_msg"}
{"payload":{"local_timestamp":1694978841051,"stderr":true,"stdout":"    "},"type":"ws_msg"}
{"payload":{"local_timestamp":1694978841051,"stderr":true,"stdout":"train(opt.hyp, opt, device, callbacks)"},"type":"ws_msg"}
{"payload":{"local_timestamp":1694978841051,"stderr":true,"stdout":"\n"},"type":"ws_msg"}
{"payload":{"local_timestamp":1694978841051,"stderr":true,"stdout":"  File \"E:\\ODETECT\\drowsiness\\yolov5\\yolov5-master\\train.py\", line 101, in train\n"},"type":"ws_msg"}
{"payload":{"local_timestamp":1694978841051,"stderr":true,"stdout":"    "},"type":"ws_msg"}
{"payload":{"local_timestamp":1694978841051,"stderr":true,"stdout":"loggers = Loggers(save_dir, weights, opt, hyp, LOGGER)  # loggers instance"},"type":"ws_msg"}
{"payload":{"local_timestamp":1694978841051,"stderr":true,"stdout":"\n"},"type":"ws_msg"}
{"payload":{"local_timestamp":1694978841051,"stderr":true,"stdout":" "},"type":"ws_msg"}
{"payload":{"local_timestamp":1694978841051,"stderr":true,"stdout":" "},"type":"ws_msg"}
{"payload":{"local_timestamp":1694978841051,"stderr":true,"stdout":" "},"type":"ws_msg"}
{"payload":{"local_timestamp":1694978841051,"stderr":true,"stdout":" "},"type":"ws_msg"}
{"payload":{"local_timestamp":1694978841051,"stderr":true,"stdout":" "},"type":"ws_msg"}
{"payload":{"local_timestamp":1694978841051,"stderr":true,"stdout":" "},"type":"ws_msg"}
{"payload":{"local_timestamp":1694978841051,"stderr":true,"stdout":" "},"type":"ws_msg"}
{"payload":{"local_timestamp":1694978841051,"stderr":true,"stdout":" "},"type":"ws_msg"}
{"payload":{"local_timestamp":1694978841051,"stderr":true,"stdout":" "},"type":"ws_msg"}
{"payload":{"local_timestamp":1694978841051,"stderr":true,"stdout":" "},"type":"ws_msg"}
{"payload":{"local_timestamp":1694978841051,"stderr":true,"stdout":" "},"type":"ws_msg"}
{"payload":{"local_timestamp":1694978841051,"stderr":true,"stdout":" "},"type":"ws_msg"}
{"payload":{"local_timestamp":1694978841051,"stderr":true,"stdout":" "},"type":"ws_msg"}
{"payload":{"local_timestamp":1694978841051,"stderr":true,"stdout":" "},"type":"ws_msg"}
{"payload":{"local_timestamp":1694978841051,"stderr":true,"stdout":"^"},"type":"ws_msg"}
{"payload":{"local_timestamp":1694978841051,"stderr":true,"stdout":"^"},"type":"ws_msg"}
{"payload":{"local_timestamp":1694978841051,"stderr":true,"stdout":"^"},"type":"ws_msg"}
{"payload":{"local_timestamp":1694978841051,"stderr":true,"stdout":"^"},"type":"ws_msg"}
{"payload":{"local_timestamp":1694978841051,"stderr":true,"stdout":"^"},"type":"ws_msg"}
{"payload":{"local_timestamp":1694978841051,"stderr":true,"stdout":"^"},"type":"ws_msg"}
{"payload":{"local_timestamp":1694978841051,"stderr":true,"stdout":"^"},"type":"ws_msg"}
{"payload":{"local_timestamp":1694978841051,"stderr":true,"stdout":"^"},"type":"ws_msg"}
{"payload":{"local_timestamp":1694978841051,"stderr":true,"stdout":"^"},"type":"ws_msg"}
{"payload":{"local_timestamp":1694978841051,"stderr":true,"stdout":"^"},"type":"ws_msg"}
{"payload":{"local_timestamp":1694978841051,"stderr":true,"stdout":"^"},"type":"ws_msg"}
{"payload":{"local_timestamp":1694978841051,"stderr":true,"stdout":"^"},"type":"ws_msg"}
{"payload":{"local_timestamp":1694978841051,"stderr":true,"stdout":"^"},"type":"ws_msg"}
{"payload":{"local_timestamp":1694978841051,"stderr":true,"stdout":"^"},"type":"ws_msg"}
{"payload":{"local_timestamp":1694978841051,"stderr":true,"stdout":"^"},"type":"ws_msg"}
{"payload":{"local_timestamp":1694978841051,"stderr":true,"stdout":"^"},"type":"ws_msg"}
{"payload":{"local_timestamp":1694978841051,"stderr":true,"stdout":"^"},"type":"ws_msg"}
{"payload":{"local_timestamp":1694978841051,"stderr":true,"stdout":"^"},"type":"ws_msg"}
{"payload":{"local_timestamp":1694978841051,"stderr":true,"stdout":"^"},"type":"ws_msg"}
{"payload":{"local_timestamp":1694978841051,"stderr":true,"stdout":"^"},"type":"ws_msg"}
{"payload":{"local_timestamp":1694978841051,"stderr":true,"stdout":"^"},"type":"ws_msg"}
{"payload":{"local_timestamp":1694978841051,"stderr":true,"stdout":"^"},"type":"ws_msg"}
{"payload":{"local_timestamp":1694978841051,"stderr":true,"stdout":"^"},"type":"ws_msg"}
{"payload":{"local_timestamp":1694978841051,"stderr":true,"stdout":"^"},"type":"ws_msg"}
{"payload":{"local_timestamp":1694978841051,"stderr":true,"stdout":"^"},"type":"ws_msg"}
{"payload":{"local_timestamp":1694978841051,"stderr":true,"stdout":"^"},"type":"ws_msg"}
{"payload":{"local_timestamp":1694978841051,"stderr":true,"stdout":"^"},"type":"ws_msg"}
{"payload":{"local_timestamp":1694978841051,"stderr":true,"stdout":"^"},"type":"ws_msg"}
{"payload":{"local_timestamp":1694978841051,"stderr":true,"stdout":"^"},"type":"ws_msg"}
{"payload":{"local_timestamp":1694978841051,"stderr":true,"stdout":"^"},"type":"ws_msg"}
{"payload":{"local_timestamp":1694978841051,"stderr":true,"stdout":"^"},"type":"ws_msg"}
{"payload":{"local_timestamp":1694978841051,"stderr":true,"stdout":"^"},"type":"ws_msg"}
{"payload":{"local_timestamp":1694978841051,"stderr":true,"stdout":"^"},"type":"ws_msg"}
{"payload":{"local_timestamp":1694978841051,"stderr":true,"stdout":"^"},"type":"ws_msg"}
{"payload":{"local_timestamp":1694978841051,"stderr":true,"stdout":"^"},"type":"ws_msg"}
{"payload":{"local_timestamp":1694978841051,"stderr":true,"stdout":"^"},"type":"ws_msg"}
{"payload":{"local_timestamp":1694978841051,"stderr":true,"stdout":"^"},"type":"ws_msg"}
{"payload":{"local_timestamp":1694978841051,"stderr":true,"stdout":"^"},"type":"ws_msg"}
{"payload":{"local_timestamp":1694978841051,"stderr":true,"stdout":"^"},"type":"ws_msg"}
{"payload":{"local_timestamp":1694978841051,"stderr":true,"stdout":"^"},"type":"ws_msg"}
{"payload":{"local_timestamp":1694978841051,"stderr":true,"stdout":"^"},"type":"ws_msg"}
{"payload":{"local_timestamp":1694978841051,"stderr":true,"stdout":"^"},"type":"ws_msg"}
{"payload":{"local_timestamp":1694978841051,"stderr":true,"stdout":"^"},"type":"ws_msg"}
{"payload":{"local_timestamp":1694978841051,"stderr":true,"stdout":"^"},"type":"ws_msg"}
{"payload":{"local_timestamp":1694978841051,"stderr":true,"stdout":"\n"},"type":"ws_msg"}
{"payload":{"local_timestamp":1694978841051,"stderr":true,"stdout":"  File \"E:\\ODETECT\\drowsiness\\yolov5\\yolov5-master\\utils\\loggers\\__init__.py\", line 129, in __init__\n"},"type":"ws_msg"}
{"payload":{"local_timestamp":1694978841066,"stderr":true,"stdout":"    "},"type":"ws_msg"}
{"payload":{"local_timestamp":1694978841066,"stderr":true,"stdout":"self.comet_logger = CometLogger(self.opt, self.hyp)"},"type":"ws_msg"}
{"payload":{"local_timestamp":1694978841066,"stderr":true,"stdout":"\n"},"type":"ws_msg"}
{"payload":{"local_timestamp":1694978841066,"stderr":true,"stdout":" "},"type":"ws_msg"}
{"payload":{"local_timestamp":1694978841066,"stderr":true,"stdout":" "},"type":"ws_msg"}
{"payload":{"local_timestamp":1694978841066,"stderr":true,"stdout":" "},"type":"ws_msg"}
{"payload":{"local_timestamp":1694978841066,"stderr":true,"stdout":" "},"type":"ws_msg"}
{"payload":{"local_timestamp":1694978841066,"stderr":true,"stdout":" "},"type":"ws_msg"}
{"payload":{"local_timestamp":1694978841066,"stderr":true,"stdout":" "},"type":"ws_msg"}
{"payload":{"local_timestamp":1694978841066,"stderr":true,"stdout":" "},"type":"ws_msg"}
{"payload":{"local_timestamp":1694978841066,"stderr":true,"stdout":" "},"type":"ws_msg"}
{"payload":{"local_timestamp":1694978841066,"stderr":true,"stdout":" "},"type":"ws_msg"}
{"payload":{"local_timestamp":1694978841066,"stderr":true,"stdout":" "},"type":"ws_msg"}
{"payload":{"local_timestamp":1694978841066,"stderr":true,"stdout":" "},"type":"ws_msg"}
{"payload":{"local_timestamp":1694978841067,"stderr":true,"stdout":" "},"type":"ws_msg"}
{"payload":{"local_timestamp":1694978841067,"stderr":true,"stdout":" "},"type":"ws_msg"}
{"payload":{"local_timestamp":1694978841067,"stderr":true,"stdout":" "},"type":"ws_msg"}
{"payload":{"local_timestamp":1694978841067,"stderr":true,"stdout":" "},"type":"ws_msg"}
{"payload":{"local_timestamp":1694978841067,"stderr":true,"stdout":" "},"type":"ws_msg"}
{"payload":{"local_timestamp":1694978841067,"stderr":true,"stdout":" "},"type":"ws_msg"}
{"payload":{"local_timestamp":1694978841067,"stderr":true,"stdout":" "},"type":"ws_msg"}
{"payload":{"local_timestamp":1694978841067,"stderr":true,"stdout":" "},"type":"ws_msg"}
{"payload":{"local_timestamp":1694978841067,"stderr":true,"stdout":" "},"type":"ws_msg"}
{"payload":{"local_timestamp":1694978841067,"stderr":true,"stdout":" "},"type":"ws_msg"}
{"payload":{"local_timestamp":1694978841067,"stderr":true,"stdout":" "},"type":"ws_msg"}
{"payload":{"local_timestamp":1694978841067,"stderr":true,"stdout":" "},"type":"ws_msg"}
{"payload":{"local_timestamp":1694978841067,"stderr":true,"stdout":" "},"type":"ws_msg"}
{"payload":{"local_timestamp":1694978841067,"stderr":true,"stdout":"^"},"type":"ws_msg"}
{"payload":{"local_timestamp":1694978841067,"stderr":true,"stdout":"^"},"type":"ws_msg"}
{"payload":{"local_timestamp":1694978841067,"stderr":true,"stdout":"^"},"type":"ws_msg"}
{"payload":{"local_timestamp":1694978841067,"stderr":true,"stdout":"^"},"type":"ws_msg"}
{"payload":{"local_timestamp":1694978841067,"stderr":true,"stdout":"^"},"type":"ws_msg"}
{"payload":{"local_timestamp":1694978841067,"stderr":true,"stdout":"^"},"type":"ws_msg"}
{"payload":{"local_timestamp":1694978841067,"stderr":true,"stdout":"^"},"type":"ws_msg"}
{"payload":{"local_timestamp":1694978841067,"stderr":true,"stdout":"^"},"type":"ws_msg"}
{"payload":{"local_timestamp":1694978841067,"stderr":true,"stdout":"^"},"type":"ws_msg"}
{"payload":{"local_timestamp":1694978841067,"stderr":true,"stdout":"^"},"type":"ws_msg"}
{"payload":{"local_timestamp":1694978841067,"stderr":true,"stdout":"^"},"type":"ws_msg"}
{"payload":{"local_timestamp":1694978841067,"stderr":true,"stdout":"^"},"type":"ws_msg"}
{"payload":{"local_timestamp":1694978841067,"stderr":true,"stdout":"^"},"type":"ws_msg"}
{"payload":{"local_timestamp":1694978841067,"stderr":true,"stdout":"^"},"type":"ws_msg"}
{"payload":{"local_timestamp":1694978841067,"stderr":true,"stdout":"^"},"type":"ws_msg"}
{"payload":{"local_timestamp":1694978841067,"stderr":true,"stdout":"^"},"type":"ws_msg"}
{"payload":{"local_timestamp":1694978841067,"stderr":true,"stdout":"^"},"type":"ws_msg"}
{"payload":{"local_timestamp":1694978841067,"stderr":true,"stdout":"^"},"type":"ws_msg"}
{"payload":{"local_timestamp":1694978841067,"stderr":true,"stdout":"^"},"type":"ws_msg"}
{"payload":{"local_timestamp":1694978841067,"stderr":true,"stdout":"^"},"type":"ws_msg"}
{"payload":{"local_timestamp":1694978841067,"stderr":true,"stdout":"^"},"type":"ws_msg"}
{"payload":{"local_timestamp":1694978841067,"stderr":true,"stdout":"^"},"type":"ws_msg"}
{"payload":{"local_timestamp":1694978841067,"stderr":true,"stdout":"^"},"type":"ws_msg"}
{"payload":{"local_timestamp":1694978841067,"stderr":true,"stdout":"^"},"type":"ws_msg"}
{"payload":{"local_timestamp":1694978841067,"stderr":true,"stdout":"^"},"type":"ws_msg"}
{"payload":{"local_timestamp":1694978841067,"stderr":true,"stdout":"^"},"type":"ws_msg"}
{"payload":{"local_timestamp":1694978841067,"stderr":true,"stdout":"^"},"type":"ws_msg"}
{"payload":{"local_timestamp":1694978841067,"stderr":true,"stdout":"^"},"type":"ws_msg"}
{"payload":{"local_timestamp":1694978841067,"stderr":true,"stdout":"^"},"type":"ws_msg"}
{"payload":{"local_timestamp":1694978841067,"stderr":true,"stdout":"^"},"type":"ws_msg"}
{"payload":{"local_timestamp":1694978841067,"stderr":true,"stdout":"^"},"type":"ws_msg"}
{"payload":{"local_timestamp":1694978841067,"stderr":true,"stdout":"\n"},"type":"ws_msg"}
{"payload":{"local_timestamp":1694978841068,"stderr":true,"stdout":"  File \"E:\\ODETECT\\drowsiness\\yolov5\\yolov5-master\\utils\\loggers\\comet\\__init__.py\", line 98, in __init__\n"},"type":"ws_msg"}
{"payload":{"local_timestamp":1694978841069,"stderr":true,"stdout":"    "},"type":"ws_msg"}
{"payload":{"local_timestamp":1694978841069,"stderr":true,"stdout":"self.data_dict = self.check_dataset(self.opt.data)"},"type":"ws_msg"}
{"payload":{"local_timestamp":1694978841069,"stderr":true,"stdout":"\n"},"type":"ws_msg"}
{"payload":{"local_timestamp":1694978841069,"stderr":true,"stdout":" "},"type":"ws_msg"}
{"payload":{"local_timestamp":1694978841069,"stderr":true,"stdout":" "},"type":"ws_msg"}
{"payload":{"local_timestamp":1694978841069,"stderr":true,"stdout":" "},"type":"ws_msg"}
{"payload":{"local_timestamp":1694978841069,"stderr":true,"stdout":" "},"type":"ws_msg"}
{"payload":{"local_timestamp":1694978841069,"stderr":true,"stdout":" "},"type":"ws_msg"}
{"payload":{"local_timestamp":1694978841069,"stderr":true,"stdout":" "},"type":"ws_msg"}
{"payload":{"local_timestamp":1694978841069,"stderr":true,"stdout":" "},"type":"ws_msg"}
{"payload":{"local_timestamp":1694978841069,"stderr":true,"stdout":" "},"type":"ws_msg"}
{"payload":{"local_timestamp":1694978841069,"stderr":true,"stdout":" "},"type":"ws_msg"}
{"payload":{"local_timestamp":1694978841069,"stderr":true,"stdout":" "},"type":"ws_msg"}
{"payload":{"local_timestamp":1694978841069,"stderr":true,"stdout":" "},"type":"ws_msg"}
{"payload":{"local_timestamp":1694978841070,"stderr":true,"stdout":" "},"type":"ws_msg"}
{"payload":{"local_timestamp":1694978841070,"stderr":true,"stdout":" "},"type":"ws_msg"}
{"payload":{"local_timestamp":1694978841070,"stderr":true,"stdout":" "},"type":"ws_msg"}
{"payload":{"local_timestamp":1694978841070,"stderr":true,"stdout":" "},"type":"ws_msg"}
{"payload":{"local_timestamp":1694978841070,"stderr":true,"stdout":" "},"type":"ws_msg"}
{"payload":{"local_timestamp":1694978841070,"stderr":true,"stdout":" "},"type":"ws_msg"}
{"payload":{"local_timestamp":1694978841070,"stderr":true,"stdout":" "},"type":"ws_msg"}
{"payload":{"local_timestamp":1694978841070,"stderr":true,"stdout":" "},"type":"ws_msg"}
{"payload":{"local_timestamp":1694978841070,"stderr":true,"stdout":" "},"type":"ws_msg"}
{"payload":{"local_timestamp":1694978841070,"stderr":true,"stdout":" "},"type":"ws_msg"}
{"payload":{"local_timestamp":1694978841070,"stderr":true,"stdout":"^"},"type":"ws_msg"}
{"payload":{"local_timestamp":1694978841070,"stderr":true,"stdout":"^"},"type":"ws_msg"}
{"payload":{"local_timestamp":1694978841070,"stderr":true,"stdout":"^"},"type":"ws_msg"}
{"payload":{"local_timestamp":1694978841070,"stderr":true,"stdout":"^"},"type":"ws_msg"}
{"payload":{"local_timestamp":1694978841070,"stderr":true,"stdout":"^"},"type":"ws_msg"}
{"payload":{"local_timestamp":1694978841070,"stderr":true,"stdout":"^"},"type":"ws_msg"}
{"payload":{"local_timestamp":1694978841070,"stderr":true,"stdout":"^"},"type":"ws_msg"}
{"payload":{"local_timestamp":1694978841070,"stderr":true,"stdout":"^"},"type":"ws_msg"}
{"payload":{"local_timestamp":1694978841070,"stderr":true,"stdout":"^"},"type":"ws_msg"}
{"payload":{"local_timestamp":1694978841070,"stderr":true,"stdout":"^"},"type":"ws_msg"}
{"payload":{"local_timestamp":1694978841070,"stderr":true,"stdout":"^"},"type":"ws_msg"}
{"payload":{"local_timestamp":1694978841070,"stderr":true,"stdout":"^"},"type":"ws_msg"}
{"payload":{"local_timestamp":1694978841070,"stderr":true,"stdout":"^"},"type":"ws_msg"}
{"payload":{"local_timestamp":1694978841070,"stderr":true,"stdout":"^"},"type":"ws_msg"}
{"payload":{"local_timestamp":1694978841070,"stderr":true,"stdout":"^"},"type":"ws_msg"}
{"payload":{"local_timestamp":1694978841070,"stderr":true,"stdout":"^"},"type":"ws_msg"}
{"payload":{"local_timestamp":1694978841070,"stderr":true,"stdout":"^"},"type":"ws_msg"}
{"payload":{"local_timestamp":1694978841070,"stderr":true,"stdout":"^"},"type":"ws_msg"}
{"payload":{"local_timestamp":1694978841070,"stderr":true,"stdout":"^"},"type":"ws_msg"}
{"payload":{"local_timestamp":1694978841070,"stderr":true,"stdout":"^"},"type":"ws_msg"}
{"payload":{"local_timestamp":1694978841070,"stderr":true,"stdout":"^"},"type":"ws_msg"}
{"payload":{"local_timestamp":1694978841070,"stderr":true,"stdout":"^"},"type":"ws_msg"}
{"payload":{"local_timestamp":1694978841070,"stderr":true,"stdout":"^"},"type":"ws_msg"}
{"payload":{"local_timestamp":1694978841070,"stderr":true,"stdout":"^"},"type":"ws_msg"}
{"payload":{"local_timestamp":1694978841070,"stderr":true,"stdout":"^"},"type":"ws_msg"}
{"payload":{"local_timestamp":1694978841071,"stderr":true,"stdout":"^"},"type":"ws_msg"}
{"payload":{"local_timestamp":1694978841071,"stderr":true,"stdout":"^"},"type":"ws_msg"}
{"payload":{"local_timestamp":1694978841071,"stderr":true,"stdout":"^"},"type":"ws_msg"}
{"payload":{"local_timestamp":1694978841071,"stderr":true,"stdout":"^"},"type":"ws_msg"}
{"payload":{"local_timestamp":1694978841071,"stderr":true,"stdout":"^"},"type":"ws_msg"}
{"payload":{"local_timestamp":1694978841071,"stderr":true,"stdout":"^"},"type":"ws_msg"}
{"payload":{"local_timestamp":1694978841071,"stderr":true,"stdout":"^"},"type":"ws_msg"}
{"payload":{"local_timestamp":1694978841071,"stderr":true,"stdout":"^"},"type":"ws_msg"}
{"payload":{"local_timestamp":1694978841071,"stderr":true,"stdout":"\n"},"type":"ws_msg"}
{"payload":{"local_timestamp":1694978841073,"stderr":true,"stdout":"  File \"E:\\ODETECT\\drowsiness\\yolov5\\yolov5-master\\utils\\loggers\\comet\\__init__.py\", line 233, in check_dataset\n"},"type":"ws_msg"}
{"payload":{"local_timestamp":1694978841074,"stderr":true,"stdout":"    "},"type":"ws_msg"}
{"payload":{"local_timestamp":1694978841074,"stderr":true,"stdout":"data_config = yaml.safe_load(f)"},"type":"ws_msg"}
{"payload":{"local_timestamp":1694978841075,"stderr":true,"stdout":"\n"},"type":"ws_msg"}
{"payload":{"local_timestamp":1694978841075,"stderr":true,"stdout":" "},"type":"ws_msg"}
{"payload":{"local_timestamp":1694978841075,"stderr":true,"stdout":" "},"type":"ws_msg"}
{"payload":{"local_timestamp":1694978841075,"stderr":true,"stdout":" "},"type":"ws_msg"}
{"payload":{"local_timestamp":1694978841075,"stderr":true,"stdout":" "},"type":"ws_msg"}
{"payload":{"local_timestamp":1694978841075,"stderr":true,"stdout":" "},"type":"ws_msg"}
{"payload":{"local_timestamp":1694978841075,"stderr":true,"stdout":" "},"type":"ws_msg"}
{"payload":{"local_timestamp":1694978841075,"stderr":true,"stdout":" "},"type":"ws_msg"}
{"payload":{"local_timestamp":1694978841075,"stderr":true,"stdout":" "},"type":"ws_msg"}
{"payload":{"local_timestamp":1694978841075,"stderr":true,"stdout":" "},"type":"ws_msg"}
{"payload":{"local_timestamp":1694978841075,"stderr":true,"stdout":" "},"type":"ws_msg"}
{"payload":{"local_timestamp":1694978841075,"stderr":true,"stdout":" "},"type":"ws_msg"}
{"payload":{"local_timestamp":1694978841075,"stderr":true,"stdout":" "},"type":"ws_msg"}
{"payload":{"local_timestamp":1694978841075,"stderr":true,"stdout":" "},"type":"ws_msg"}
{"payload":{"local_timestamp":1694978841075,"stderr":true,"stdout":" "},"type":"ws_msg"}
{"payload":{"local_timestamp":1694978841075,"stderr":true,"stdout":" "},"type":"ws_msg"}
{"payload":{"local_timestamp":1694978841075,"stderr":true,"stdout":" "},"type":"ws_msg"}
{"payload":{"local_timestamp":1694978841075,"stderr":true,"stdout":" "},"type":"ws_msg"}
{"payload":{"local_timestamp":1694978841075,"stderr":true,"stdout":" "},"type":"ws_msg"}
{"payload":{"local_timestamp":1694978841075,"stderr":true,"stdout":"^"},"type":"ws_msg"}
{"payload":{"local_timestamp":1694978841075,"stderr":true,"stdout":"^"},"type":"ws_msg"}
{"payload":{"local_timestamp":1694978841075,"stderr":true,"stdout":"^"},"type":"ws_msg"}
{"payload":{"local_timestamp":1694978841075,"stderr":true,"stdout":"^"},"type":"ws_msg"}
{"payload":{"local_timestamp":1694978841075,"stderr":true,"stdout":"^"},"type":"ws_msg"}
{"payload":{"local_timestamp":1694978841075,"stderr":true,"stdout":"^"},"type":"ws_msg"}
{"payload":{"local_timestamp":1694978841075,"stderr":true,"stdout":"^"},"type":"ws_msg"}
{"payload":{"local_timestamp":1694978841075,"stderr":true,"stdout":"^"},"type":"ws_msg"}
{"payload":{"local_timestamp":1694978841075,"stderr":true,"stdout":"^"},"type":"ws_msg"}
{"payload":{"local_timestamp":1694978841075,"stderr":true,"stdout":"^"},"type":"ws_msg"}
{"payload":{"local_timestamp":1694978841075,"stderr":true,"stdout":"^"},"type":"ws_msg"}
{"payload":{"local_timestamp":1694978841075,"stderr":true,"stdout":"^"},"type":"ws_msg"}
{"payload":{"local_timestamp":1694978841075,"stderr":true,"stdout":"^"},"type":"ws_msg"}
{"payload":{"local_timestamp":1694978841075,"stderr":true,"stdout":"^"},"type":"ws_msg"}
{"payload":{"local_timestamp":1694978841075,"stderr":true,"stdout":"^"},"type":"ws_msg"}
{"payload":{"local_timestamp":1694978841075,"stderr":true,"stdout":"^"},"type":"ws_msg"}
{"payload":{"local_timestamp":1694978841075,"stderr":true,"stdout":"^"},"type":"ws_msg"}
{"payload":{"local_timestamp":1694978841075,"stderr":true,"stdout":"\n"},"type":"ws_msg"}
{"payload":{"local_timestamp":1694978841075,"stderr":true,"stdout":"  File \"C:\\Users\\heyit\\Lib\\site-packages\\yaml\\__init__.py\", line 125, in safe_load\n"},"type":"ws_msg"}
{"payload":{"local_timestamp":1694978841090,"stderr":true,"stdout":"    "},"type":"ws_msg"}
{"payload":{"local_timestamp":1694978841090,"stderr":true,"stdout":"return load(stream, SafeLoader)"},"type":"ws_msg"}
{"payload":{"local_timestamp":1694978841090,"stderr":true,"stdout":"\n"},"type":"ws_msg"}
{"payload":{"local_timestamp":1694978841090,"stderr":true,"stdout":" "},"type":"ws_msg"}
{"payload":{"local_timestamp":1694978841090,"stderr":true,"stdout":" "},"type":"ws_msg"}
{"payload":{"local_timestamp":1694978841090,"stderr":true,"stdout":" "},"type":"ws_msg"}
{"payload":{"local_timestamp":1694978841090,"stderr":true,"stdout":" "},"type":"ws_msg"}
{"payload":{"local_timestamp":1694978841090,"stderr":true,"stdout":" "},"type":"ws_msg"}
{"payload":{"local_timestamp":1694978841090,"stderr":true,"stdout":" "},"type":"ws_msg"}
{"payload":{"local_timestamp":1694978841090,"stderr":true,"stdout":" "},"type":"ws_msg"}
{"payload":{"local_timestamp":1694978841090,"stderr":true,"stdout":" "},"type":"ws_msg"}
{"payload":{"local_timestamp":1694978841090,"stderr":true,"stdout":" "},"type":"ws_msg"}
{"payload":{"local_timestamp":1694978841090,"stderr":true,"stdout":" "},"type":"ws_msg"}
{"payload":{"local_timestamp":1694978841090,"stderr":true,"stdout":" "},"type":"ws_msg"}
{"payload":{"local_timestamp":1694978841090,"stderr":true,"stdout":"^"},"type":"ws_msg"}
{"payload":{"local_timestamp":1694978841090,"stderr":true,"stdout":"^"},"type":"ws_msg"}
{"payload":{"local_timestamp":1694978841090,"stderr":true,"stdout":"^"},"type":"ws_msg"}
{"payload":{"local_timestamp":1694978841090,"stderr":true,"stdout":"^"},"type":"ws_msg"}
{"payload":{"local_timestamp":1694978841090,"stderr":true,"stdout":"^"},"type":"ws_msg"}
{"payload":{"local_timestamp":1694978841090,"stderr":true,"stdout":"^"},"type":"ws_msg"}
{"payload":{"local_timestamp":1694978841090,"stderr":true,"stdout":"^"},"type":"ws_msg"}
{"payload":{"local_timestamp":1694978841090,"stderr":true,"stdout":"^"},"type":"ws_msg"}
{"payload":{"local_timestamp":1694978841090,"stderr":true,"stdout":"^"},"type":"ws_msg"}
{"payload":{"local_timestamp":1694978841090,"stderr":true,"stdout":"^"},"type":"ws_msg"}
{"payload":{"local_timestamp":1694978841090,"stderr":true,"stdout":"^"},"type":"ws_msg"}
{"payload":{"local_timestamp":1694978841090,"stderr":true,"stdout":"^"},"type":"ws_msg"}
{"payload":{"local_timestamp":1694978841090,"stderr":true,"stdout":"^"},"type":"ws_msg"}
{"payload":{"local_timestamp":1694978841090,"stderr":true,"stdout":"^"},"type":"ws_msg"}
{"payload":{"local_timestamp":1694978841090,"stderr":true,"stdout":"^"},"type":"ws_msg"}
{"payload":{"local_timestamp":1694978841090,"stderr":true,"stdout":"^"},"type":"ws_msg"}
{"payload":{"local_timestamp":1694978841090,"stderr":true,"stdout":"^"},"type":"ws_msg"}
{"payload":{"local_timestamp":1694978841090,"stderr":true,"stdout":"^"},"type":"ws_msg"}
{"payload":{"local_timestamp":1694978841090,"stderr":true,"stdout":"^"},"type":"ws_msg"}
{"payload":{"local_timestamp":1694978841090,"stderr":true,"stdout":"^"},"type":"ws_msg"}
{"payload":{"local_timestamp":1694978841090,"stderr":true,"stdout":"^"},"type":"ws_msg"}
{"payload":{"local_timestamp":1694978841090,"stderr":true,"stdout":"^"},"type":"ws_msg"}
{"payload":{"local_timestamp":1694978841090,"stderr":true,"stdout":"^"},"type":"ws_msg"}
{"payload":{"local_timestamp":1694978841090,"stderr":true,"stdout":"^"},"type":"ws_msg"}
{"payload":{"local_timestamp":1694978841090,"stderr":true,"stdout":"\n"},"type":"ws_msg"}
{"payload":{"local_timestamp":1694978841090,"stderr":true,"stdout":"  File \"C:\\Users\\heyit\\Lib\\site-packages\\yaml\\__init__.py\", line 81, in load\n"},"type":"ws_msg"}
{"payload":{"local_timestamp":1694978841090,"stderr":true,"stdout":"    "},"type":"ws_msg"}
{"payload":{"local_timestamp":1694978841090,"stderr":true,"stdout":"return loader.get_single_data()"},"type":"ws_msg"}
{"payload":{"local_timestamp":1694978841090,"stderr":true,"stdout":"\n"},"type":"ws_msg"}
{"payload":{"local_timestamp":1694978841090,"stderr":true,"stdout":" "},"type":"ws_msg"}
{"payload":{"local_timestamp":1694978841090,"stderr":true,"stdout":" "},"type":"ws_msg"}
{"payload":{"local_timestamp":1694978841090,"stderr":true,"stdout":" "},"type":"ws_msg"}
{"payload":{"local_timestamp":1694978841090,"stderr":true,"stdout":" "},"type":"ws_msg"}
{"payload":{"local_timestamp":1694978841090,"stderr":true,"stdout":" "},"type":"ws_msg"}
{"payload":{"local_timestamp":1694978841090,"stderr":true,"stdout":" "},"type":"ws_msg"}
{"payload":{"local_timestamp":1694978841090,"stderr":true,"stdout":" "},"type":"ws_msg"}
{"payload":{"local_timestamp":1694978841090,"stderr":true,"stdout":" "},"type":"ws_msg"}
{"payload":{"local_timestamp":1694978841090,"stderr":true,"stdout":" "},"type":"ws_msg"}
{"payload":{"local_timestamp":1694978841090,"stderr":true,"stdout":" "},"type":"ws_msg"}
{"payload":{"local_timestamp":1694978841090,"stderr":true,"stdout":" "},"type":"ws_msg"}
{"payload":{"local_timestamp":1694978841090,"stderr":true,"stdout":"^"},"type":"ws_msg"}
{"payload":{"local_timestamp":1694978841090,"stderr":true,"stdout":"^"},"type":"ws_msg"}
{"payload":{"local_timestamp":1694978841090,"stderr":true,"stdout":"^"},"type":"ws_msg"}
{"payload":{"local_timestamp":1694978841090,"stderr":true,"stdout":"^"},"type":"ws_msg"}
{"payload":{"local_timestamp":1694978841090,"stderr":true,"stdout":"^"},"type":"ws_msg"}
{"payload":{"local_timestamp":1694978841090,"stderr":true,"stdout":"^"},"type":"ws_msg"}
{"payload":{"local_timestamp":1694978841090,"stderr":true,"stdout":"^"},"type":"ws_msg"}
{"payload":{"local_timestamp":1694978841090,"stderr":true,"stdout":"^"},"type":"ws_msg"}
{"payload":{"local_timestamp":1694978841090,"stderr":true,"stdout":"^"},"type":"ws_msg"}
{"payload":{"local_timestamp":1694978841090,"stderr":true,"stdout":"^"},"type":"ws_msg"}
{"payload":{"local_timestamp":1694978841090,"stderr":true,"stdout":"^"},"type":"ws_msg"}
{"payload":{"local_timestamp":1694978841090,"stderr":true,"stdout":"^"},"type":"ws_msg"}
{"payload":{"local_timestamp":1694978841090,"stderr":true,"stdout":"^"},"type":"ws_msg"}
{"payload":{"local_timestamp":1694978841090,"stderr":true,"stdout":"^"},"type":"ws_msg"}
{"payload":{"local_timestamp":1694978841090,"stderr":true,"stdout":"^"},"type":"ws_msg"}
{"payload":{"local_timestamp":1694978841090,"stderr":true,"stdout":"^"},"type":"ws_msg"}
{"payload":{"local_timestamp":1694978841090,"stderr":true,"stdout":"^"},"type":"ws_msg"}
{"payload":{"local_timestamp":1694978841090,"stderr":true,"stdout":"^"},"type":"ws_msg"}
{"payload":{"local_timestamp":1694978841090,"stderr":true,"stdout":"^"},"type":"ws_msg"}
{"payload":{"local_timestamp":1694978841090,"stderr":true,"stdout":"^"},"type":"ws_msg"}
{"payload":{"local_timestamp":1694978841090,"stderr":true,"stdout":"^"},"type":"ws_msg"}
{"payload":{"local_timestamp":1694978841090,"stderr":true,"stdout":"^"},"type":"ws_msg"}
{"payload":{"local_timestamp":1694978841090,"stderr":true,"stdout":"^"},"type":"ws_msg"}
{"payload":{"local_timestamp":1694978841090,"stderr":true,"stdout":"^"},"type":"ws_msg"}
{"payload":{"local_timestamp":1694978841090,"stderr":true,"stdout":"\n"},"type":"ws_msg"}
{"payload":{"local_timestamp":1694978841090,"stderr":true,"stdout":"  File \"C:\\Users\\heyit\\Lib\\site-packages\\yaml\\constructor.py\", line 49, in get_single_data\n"},"type":"ws_msg"}
{"payload":{"local_timestamp":1694978841108,"stderr":true,"stdout":"    "},"type":"ws_msg"}
{"payload":{"local_timestamp":1694978841108,"stderr":true,"stdout":"node = self.get_single_node()"},"type":"ws_msg"}
{"payload":{"local_timestamp":1694978841108,"stderr":true,"stdout":"\n"},"type":"ws_msg"}
{"payload":{"local_timestamp":1694978841108,"stderr":true,"stdout":" "},"type":"ws_msg"}
{"payload":{"local_timestamp":1694978841108,"stderr":true,"stdout":" "},"type":"ws_msg"}
{"payload":{"local_timestamp":1694978841108,"stderr":true,"stdout":" "},"type":"ws_msg"}
{"payload":{"local_timestamp":1694978841108,"stderr":true,"stdout":" "},"type":"ws_msg"}
{"payload":{"local_timestamp":1694978841108,"stderr":true,"stdout":" "},"type":"ws_msg"}
{"payload":{"local_timestamp":1694978841108,"stderr":true,"stdout":" "},"type":"ws_msg"}
{"payload":{"local_timestamp":1694978841108,"stderr":true,"stdout":" "},"type":"ws_msg"}
{"payload":{"local_timestamp":1694978841108,"stderr":true,"stdout":" "},"type":"ws_msg"}
{"payload":{"local_timestamp":1694978841108,"stderr":true,"stdout":" "},"type":"ws_msg"}
{"payload":{"local_timestamp":1694978841108,"stderr":true,"stdout":" "},"type":"ws_msg"}
{"payload":{"local_timestamp":1694978841108,"stderr":true,"stdout":" "},"type":"ws_msg"}
{"payload":{"local_timestamp":1694978841108,"stderr":true,"stdout":"^"},"type":"ws_msg"}
{"payload":{"local_timestamp":1694978841108,"stderr":true,"stdout":"^"},"type":"ws_msg"}
{"payload":{"local_timestamp":1694978841108,"stderr":true,"stdout":"^"},"type":"ws_msg"}
{"payload":{"local_timestamp":1694978841108,"stderr":true,"stdout":"^"},"type":"ws_msg"}
{"payload":{"local_timestamp":1694978841108,"stderr":true,"stdout":"^"},"type":"ws_msg"}
{"payload":{"local_timestamp":1694978841108,"stderr":true,"stdout":"^"},"type":"ws_msg"}
{"payload":{"local_timestamp":1694978841108,"stderr":true,"stdout":"^"},"type":"ws_msg"}
{"payload":{"local_timestamp":1694978841108,"stderr":true,"stdout":"^"},"type":"ws_msg"}
{"payload":{"local_timestamp":1694978841108,"stderr":true,"stdout":"^"},"type":"ws_msg"}
{"payload":{"local_timestamp":1694978841108,"stderr":true,"stdout":"^"},"type":"ws_msg"}
{"payload":{"local_timestamp":1694978841108,"stderr":true,"stdout":"^"},"type":"ws_msg"}
{"payload":{"local_timestamp":1694978841108,"stderr":true,"stdout":"^"},"type":"ws_msg"}
{"payload":{"local_timestamp":1694978841108,"stderr":true,"stdout":"^"},"type":"ws_msg"}
{"payload":{"local_timestamp":1694978841108,"stderr":true,"stdout":"^"},"type":"ws_msg"}
{"payload":{"local_timestamp":1694978841108,"stderr":true,"stdout":"^"},"type":"ws_msg"}
{"payload":{"local_timestamp":1694978841108,"stderr":true,"stdout":"^"},"type":"ws_msg"}
{"payload":{"local_timestamp":1694978841108,"stderr":true,"stdout":"^"},"type":"ws_msg"}
{"payload":{"local_timestamp":1694978841108,"stderr":true,"stdout":"^"},"type":"ws_msg"}
{"payload":{"local_timestamp":1694978841108,"stderr":true,"stdout":"^"},"type":"ws_msg"}
{"payload":{"local_timestamp":1694978841108,"stderr":true,"stdout":"^"},"type":"ws_msg"}
{"payload":{"local_timestamp":1694978841108,"stderr":true,"stdout":"^"},"type":"ws_msg"}
{"payload":{"local_timestamp":1694978841108,"stderr":true,"stdout":"^"},"type":"ws_msg"}
{"payload":{"local_timestamp":1694978841108,"stderr":true,"stdout":"\n"},"type":"ws_msg"}
{"payload":{"local_timestamp":1694978841108,"stderr":true,"stdout":"  File \"C:\\Users\\heyit\\Lib\\site-packages\\yaml\\composer.py\", line 36, in get_single_node\n"},"type":"ws_msg"}
{"payload":{"local_timestamp":1694978841117,"stderr":true,"stdout":"    "},"type":"ws_msg"}
{"payload":{"local_timestamp":1694978841117,"stderr":true,"stdout":"document = self.compose_document()"},"type":"ws_msg"}
{"payload":{"local_timestamp":1694978841118,"stderr":true,"stdout":"\n"},"type":"ws_msg"}
{"payload":{"local_timestamp":1694978841118,"stderr":true,"stdout":" "},"type":"ws_msg"}
{"payload":{"local_timestamp":1694978841118,"stderr":true,"stdout":" "},"type":"ws_msg"}
{"payload":{"local_timestamp":1694978841118,"stderr":true,"stdout":" "},"type":"ws_msg"}
{"payload":{"local_timestamp":1694978841118,"stderr":true,"stdout":" "},"type":"ws_msg"}
{"payload":{"local_timestamp":1694978841118,"stderr":true,"stdout":" "},"type":"ws_msg"}
{"payload":{"local_timestamp":1694978841118,"stderr":true,"stdout":" "},"type":"ws_msg"}
{"payload":{"local_timestamp":1694978841118,"stderr":true,"stdout":" "},"type":"ws_msg"}
{"payload":{"local_timestamp":1694978841118,"stderr":true,"stdout":" "},"type":"ws_msg"}
{"payload":{"local_timestamp":1694978841119,"stderr":true,"stdout":" "},"type":"ws_msg"}
{"payload":{"local_timestamp":1694978841119,"stderr":true,"stdout":" "},"type":"ws_msg"}
{"payload":{"local_timestamp":1694978841119,"stderr":true,"stdout":" "},"type":"ws_msg"}
{"payload":{"local_timestamp":1694978841119,"stderr":true,"stdout":" "},"type":"ws_msg"}
{"payload":{"local_timestamp":1694978841119,"stderr":true,"stdout":" "},"type":"ws_msg"}
{"payload":{"local_timestamp":1694978841119,"stderr":true,"stdout":" "},"type":"ws_msg"}
{"payload":{"local_timestamp":1694978841119,"stderr":true,"stdout":" "},"type":"ws_msg"}
{"payload":{"local_timestamp":1694978841119,"stderr":true,"stdout":"^"},"type":"ws_msg"}
{"payload":{"local_timestamp":1694978841119,"stderr":true,"stdout":"^"},"type":"ws_msg"}
{"payload":{"local_timestamp":1694978841119,"stderr":true,"stdout":"^"},"type":"ws_msg"}
{"payload":{"local_timestamp":1694978841119,"stderr":true,"stdout":"^"},"type":"ws_msg"}
{"payload":{"local_timestamp":1694978841119,"stderr":true,"stdout":"^"},"type":"ws_msg"}
{"payload":{"local_timestamp":1694978841119,"stderr":true,"stdout":"^"},"type":"ws_msg"}
{"payload":{"local_timestamp":1694978841119,"stderr":true,"stdout":"^"},"type":"ws_msg"}
{"payload":{"local_timestamp":1694978841119,"stderr":true,"stdout":"^"},"type":"ws_msg"}
{"payload":{"local_timestamp":1694978841119,"stderr":true,"stdout":"^"},"type":"ws_msg"}
{"payload":{"local_timestamp":1694978841119,"stderr":true,"stdout":"^"},"type":"ws_msg"}
{"payload":{"local_timestamp":1694978841119,"stderr":true,"stdout":"^"},"type":"ws_msg"}
{"payload":{"local_timestamp":1694978841119,"stderr":true,"stdout":"^"},"type":"ws_msg"}
{"payload":{"local_timestamp":1694978841119,"stderr":true,"stdout":"^"},"type":"ws_msg"}
{"payload":{"local_timestamp":1694978841119,"stderr":true,"stdout":"^"},"type":"ws_msg"}
{"payload":{"local_timestamp":1694978841119,"stderr":true,"stdout":"^"},"type":"ws_msg"}
{"payload":{"local_timestamp":1694978841119,"stderr":true,"stdout":"^"},"type":"ws_msg"}
{"payload":{"local_timestamp":1694978841119,"stderr":true,"stdout":"^"},"type":"ws_msg"}
{"payload":{"local_timestamp":1694978841119,"stderr":true,"stdout":"^"},"type":"ws_msg"}
{"payload":{"local_timestamp":1694978841119,"stderr":true,"stdout":"^"},"type":"ws_msg"}
{"payload":{"local_timestamp":1694978841119,"stderr":true,"stdout":"^"},"type":"ws_msg"}
{"payload":{"local_timestamp":1694978841119,"stderr":true,"stdout":"^"},"type":"ws_msg"}
{"payload":{"local_timestamp":1694978841119,"stderr":true,"stdout":"^"},"type":"ws_msg"}
{"payload":{"local_timestamp":1694978841119,"stderr":true,"stdout":"^"},"type":"ws_msg"}
{"payload":{"local_timestamp":1694978841119,"stderr":true,"stdout":"\n"},"type":"ws_msg"}
{"payload":{"local_timestamp":1694978841120,"stderr":true,"stdout":"  File \"C:\\Users\\heyit\\Lib\\site-packages\\yaml\\composer.py\", line 55, in compose_document\n"},"type":"ws_msg"}
{"payload":{"local_timestamp":1694978841121,"stderr":true,"stdout":"    "},"type":"ws_msg"}
{"payload":{"local_timestamp":1694978841121,"stderr":true,"stdout":"node = self.compose_node(None, None)"},"type":"ws_msg"}
{"payload":{"local_timestamp":1694978841121,"stderr":true,"stdout":"\n"},"type":"ws_msg"}
{"payload":{"local_timestamp":1694978841121,"stderr":true,"stdout":" "},"type":"ws_msg"}
{"payload":{"local_timestamp":1694978841121,"stderr":true,"stdout":" "},"type":"ws_msg"}
{"payload":{"local_timestamp":1694978841121,"stderr":true,"stdout":" "},"type":"ws_msg"}
{"payload":{"local_timestamp":1694978841121,"stderr":true,"stdout":" "},"type":"ws_msg"}
{"payload":{"local_timestamp":1694978841121,"stderr":true,"stdout":" "},"type":"ws_msg"}
{"payload":{"local_timestamp":1694978841121,"stderr":true,"stdout":" "},"type":"ws_msg"}
{"payload":{"local_timestamp":1694978841121,"stderr":true,"stdout":" "},"type":"ws_msg"}
{"payload":{"local_timestamp":1694978841121,"stderr":true,"stdout":" "},"type":"ws_msg"}
{"payload":{"local_timestamp":1694978841121,"stderr":true,"stdout":" "},"type":"ws_msg"}
{"payload":{"local_timestamp":1694978841121,"stderr":true,"stdout":" "},"type":"ws_msg"}
{"payload":{"local_timestamp":1694978841121,"stderr":true,"stdout":" "},"type":"ws_msg"}
{"payload":{"local_timestamp":1694978841121,"stderr":true,"stdout":"^"},"type":"ws_msg"}
{"payload":{"local_timestamp":1694978841121,"stderr":true,"stdout":"^"},"type":"ws_msg"}
{"payload":{"local_timestamp":1694978841121,"stderr":true,"stdout":"^"},"type":"ws_msg"}
{"payload":{"local_timestamp":1694978841121,"stderr":true,"stdout":"^"},"type":"ws_msg"}
{"payload":{"local_timestamp":1694978841121,"stderr":true,"stdout":"^"},"type":"ws_msg"}
{"payload":{"local_timestamp":1694978841122,"stderr":true,"stdout":"^"},"type":"ws_msg"}
{"payload":{"local_timestamp":1694978841122,"stderr":true,"stdout":"^"},"type":"ws_msg"}
{"payload":{"local_timestamp":1694978841122,"stderr":true,"stdout":"^"},"type":"ws_msg"}
{"payload":{"local_timestamp":1694978841122,"stderr":true,"stdout":"^"},"type":"ws_msg"}
{"payload":{"local_timestamp":1694978841122,"stderr":true,"stdout":"^"},"type":"ws_msg"}
{"payload":{"local_timestamp":1694978841122,"stderr":true,"stdout":"^"},"type":"ws_msg"}
{"payload":{"local_timestamp":1694978841122,"stderr":true,"stdout":"^"},"type":"ws_msg"}
{"payload":{"local_timestamp":1694978841122,"stderr":true,"stdout":"^"},"type":"ws_msg"}
{"payload":{"local_timestamp":1694978841122,"stderr":true,"stdout":"^"},"type":"ws_msg"}
{"payload":{"local_timestamp":1694978841122,"stderr":true,"stdout":"^"},"type":"ws_msg"}
{"payload":{"local_timestamp":1694978841122,"stderr":true,"stdout":"^"},"type":"ws_msg"}
{"payload":{"local_timestamp":1694978841122,"stderr":true,"stdout":"^"},"type":"ws_msg"}
{"payload":{"local_timestamp":1694978841122,"stderr":true,"stdout":"^"},"type":"ws_msg"}
{"payload":{"local_timestamp":1694978841122,"stderr":true,"stdout":"^"},"type":"ws_msg"}
{"payload":{"local_timestamp":1694978841122,"stderr":true,"stdout":"^"},"type":"ws_msg"}
{"payload":{"local_timestamp":1694978841122,"stderr":true,"stdout":"^"},"type":"ws_msg"}
{"payload":{"local_timestamp":1694978841122,"stderr":true,"stdout":"^"},"type":"ws_msg"}
{"payload":{"local_timestamp":1694978841122,"stderr":true,"stdout":"^"},"type":"ws_msg"}
{"payload":{"local_timestamp":1694978841122,"stderr":true,"stdout":"^"},"type":"ws_msg"}
{"payload":{"local_timestamp":1694978841122,"stderr":true,"stdout":"^"},"type":"ws_msg"}
{"payload":{"local_timestamp":1694978841122,"stderr":true,"stdout":"^"},"type":"ws_msg"}
{"payload":{"local_timestamp":1694978841122,"stderr":true,"stdout":"^"},"type":"ws_msg"}
{"payload":{"local_timestamp":1694978841122,"stderr":true,"stdout":"^"},"type":"ws_msg"}
{"payload":{"local_timestamp":1694978841122,"stderr":true,"stdout":"^"},"type":"ws_msg"}
{"payload":{"local_timestamp":1694978841123,"stderr":true,"stdout":"\n"},"type":"ws_msg"}
{"payload":{"local_timestamp":1694978841123,"stderr":true,"stdout":"  File \"C:\\Users\\heyit\\Lib\\site-packages\\yaml\\composer.py\", line 84, in compose_node\n"},"type":"ws_msg"}
{"payload":{"local_timestamp":1694978841124,"stderr":true,"stdout":"    "},"type":"ws_msg"}
{"payload":{"local_timestamp":1694978841124,"stderr":true,"stdout":"node = self.compose_mapping_node(anchor)"},"type":"ws_msg"}
{"payload":{"local_timestamp":1694978841125,"stderr":true,"stdout":"\n"},"type":"ws_msg"}
{"payload":{"local_timestamp":1694978841125,"stderr":true,"stdout":" "},"type":"ws_msg"}
{"payload":{"local_timestamp":1694978841125,"stderr":true,"stdout":" "},"type":"ws_msg"}
{"payload":{"local_timestamp":1694978841125,"stderr":true,"stdout":" "},"type":"ws_msg"}
{"payload":{"local_timestamp":1694978841125,"stderr":true,"stdout":" "},"type":"ws_msg"}
{"payload":{"local_timestamp":1694978841126,"stderr":true,"stdout":" "},"type":"ws_msg"}
{"payload":{"local_timestamp":1694978841126,"stderr":true,"stdout":" "},"type":"ws_msg"}
{"payload":{"local_timestamp":1694978841126,"stderr":true,"stdout":" "},"type":"ws_msg"}
{"payload":{"local_timestamp":1694978841126,"stderr":true,"stdout":" "},"type":"ws_msg"}
{"payload":{"local_timestamp":1694978841126,"stderr":true,"stdout":" "},"type":"ws_msg"}
{"payload":{"local_timestamp":1694978841126,"stderr":true,"stdout":" "},"type":"ws_msg"}
{"payload":{"local_timestamp":1694978841126,"stderr":true,"stdout":" "},"type":"ws_msg"}
{"payload":{"local_timestamp":1694978841126,"stderr":true,"stdout":"^"},"type":"ws_msg"}
{"payload":{"local_timestamp":1694978841126,"stderr":true,"stdout":"^"},"type":"ws_msg"}
{"payload":{"local_timestamp":1694978841126,"stderr":true,"stdout":"^"},"type":"ws_msg"}
{"payload":{"local_timestamp":1694978841126,"stderr":true,"stdout":"^"},"type":"ws_msg"}
{"payload":{"local_timestamp":1694978841126,"stderr":true,"stdout":"^"},"type":"ws_msg"}
{"payload":{"local_timestamp":1694978841126,"stderr":true,"stdout":"^"},"type":"ws_msg"}
{"payload":{"local_timestamp":1694978841126,"stderr":true,"stdout":"^"},"type":"ws_msg"}
{"payload":{"local_timestamp":1694978841126,"stderr":true,"stdout":"^"},"type":"ws_msg"}
{"payload":{"local_timestamp":1694978841126,"stderr":true,"stdout":"^"},"type":"ws_msg"}
{"payload":{"local_timestamp":1694978841126,"stderr":true,"stdout":"^"},"type":"ws_msg"}
{"payload":{"local_timestamp":1694978841126,"stderr":true,"stdout":"^"},"type":"ws_msg"}
{"payload":{"local_timestamp":1694978841126,"stderr":true,"stdout":"^"},"type":"ws_msg"}
{"payload":{"local_timestamp":1694978841126,"stderr":true,"stdout":"^"},"type":"ws_msg"}
{"payload":{"local_timestamp":1694978841127,"stderr":true,"stdout":"^"},"type":"ws_msg"}
{"payload":{"local_timestamp":1694978841127,"stderr":true,"stdout":"^"},"type":"ws_msg"}
{"payload":{"local_timestamp":1694978841127,"stderr":true,"stdout":"^"},"type":"ws_msg"}
{"payload":{"local_timestamp":1694978841127,"stderr":true,"stdout":"^"},"type":"ws_msg"}
{"payload":{"local_timestamp":1694978841127,"stderr":true,"stdout":"^"},"type":"ws_msg"}
{"payload":{"local_timestamp":1694978841127,"stderr":true,"stdout":"^"},"type":"ws_msg"}
{"payload":{"local_timestamp":1694978841127,"stderr":true,"stdout":"^"},"type":"ws_msg"}
{"payload":{"local_timestamp":1694978841127,"stderr":true,"stdout":"^"},"type":"ws_msg"}
{"payload":{"local_timestamp":1694978841127,"stderr":true,"stdout":"^"},"type":"ws_msg"}
{"payload":{"local_timestamp":1694978841127,"stderr":true,"stdout":"^"},"type":"ws_msg"}
{"payload":{"local_timestamp":1694978841127,"stderr":true,"stdout":"^"},"type":"ws_msg"}
{"payload":{"local_timestamp":1694978841127,"stderr":true,"stdout":"^"},"type":"ws_msg"}
{"payload":{"local_timestamp":1694978841127,"stderr":true,"stdout":"^"},"type":"ws_msg"}
{"payload":{"local_timestamp":1694978841127,"stderr":true,"stdout":"^"},"type":"ws_msg"}
{"payload":{"local_timestamp":1694978841127,"stderr":true,"stdout":"^"},"type":"ws_msg"}
{"payload":{"local_timestamp":1694978841127,"stderr":true,"stdout":"^"},"type":"ws_msg"}
{"payload":{"local_timestamp":1694978841127,"stderr":true,"stdout":"^"},"type":"ws_msg"}
{"payload":{"local_timestamp":1694978841127,"stderr":true,"stdout":"^"},"type":"ws_msg"}
{"payload":{"local_timestamp":1694978841127,"stderr":true,"stdout":"^"},"type":"ws_msg"}
{"payload":{"local_timestamp":1694978841127,"stderr":true,"stdout":"^"},"type":"ws_msg"}
{"payload":{"local_timestamp":1694978841127,"stderr":true,"stdout":"\n"},"type":"ws_msg"}
{"payload":{"local_timestamp":1694978841127,"stderr":true,"stdout":"  File \"C:\\Users\\heyit\\Lib\\site-packages\\yaml\\composer.py\", line 127, in compose_mapping_node\n"},"type":"ws_msg"}
{"payload":{"local_timestamp":1694978841127,"stderr":true,"stdout":"    "},"type":"ws_msg"}
{"payload":{"local_timestamp":1694978841127,"stderr":true,"stdout":"while not self.check_event(MappingEndEvent):"},"type":"ws_msg"}
{"payload":{"local_timestamp":1694978841127,"stderr":true,"stdout":"\n"},"type":"ws_msg"}
{"payload":{"local_timestamp":1694978841127,"stderr":true,"stdout":" "},"type":"ws_msg"}
{"payload":{"local_timestamp":1694978841127,"stderr":true,"stdout":" "},"type":"ws_msg"}
{"payload":{"local_timestamp":1694978841127,"stderr":true,"stdout":" "},"type":"ws_msg"}
{"payload":{"local_timestamp":1694978841127,"stderr":true,"stdout":" "},"type":"ws_msg"}
{"payload":{"local_timestamp":1694978841127,"stderr":true,"stdout":" "},"type":"ws_msg"}
{"payload":{"local_timestamp":1694978841127,"stderr":true,"stdout":" "},"type":"ws_msg"}
{"payload":{"local_timestamp":1694978841127,"stderr":true,"stdout":" "},"type":"ws_msg"}
{"payload":{"local_timestamp":1694978841127,"stderr":true,"stdout":" "},"type":"ws_msg"}
{"payload":{"local_timestamp":1694978841127,"stderr":true,"stdout":" "},"type":"ws_msg"}
{"payload":{"local_timestamp":1694978841127,"stderr":true,"stdout":" "},"type":"ws_msg"}
{"payload":{"local_timestamp":1694978841127,"stderr":true,"stdout":" "},"type":"ws_msg"}
{"payload":{"local_timestamp":1694978841127,"stderr":true,"stdout":" "},"type":"ws_msg"}
{"payload":{"local_timestamp":1694978841127,"stderr":true,"stdout":" "},"type":"ws_msg"}
{"payload":{"local_timestamp":1694978841127,"stderr":true,"stdout":" "},"type":"ws_msg"}
{"payload":{"local_timestamp":1694978841127,"stderr":true,"stdout":"^"},"type":"ws_msg"}
{"payload":{"local_timestamp":1694978841127,"stderr":true,"stdout":"^"},"type":"ws_msg"}
{"payload":{"local_timestamp":1694978841127,"stderr":true,"stdout":"^"},"type":"ws_msg"}
{"payload":{"local_timestamp":1694978841127,"stderr":true,"stdout":"^"},"type":"ws_msg"}
{"payload":{"local_timestamp":1694978841127,"stderr":true,"stdout":"^"},"type":"ws_msg"}
{"payload":{"local_timestamp":1694978841127,"stderr":true,"stdout":"^"},"type":"ws_msg"}
{"payload":{"local_timestamp":1694978841127,"stderr":true,"stdout":"^"},"type":"ws_msg"}
{"payload":{"local_timestamp":1694978841127,"stderr":true,"stdout":"^"},"type":"ws_msg"}
{"payload":{"local_timestamp":1694978841127,"stderr":true,"stdout":"^"},"type":"ws_msg"}
{"payload":{"local_timestamp":1694978841127,"stderr":true,"stdout":"^"},"type":"ws_msg"}
{"payload":{"local_timestamp":1694978841127,"stderr":true,"stdout":"^"},"type":"ws_msg"}
{"payload":{"local_timestamp":1694978841127,"stderr":true,"stdout":"^"},"type":"ws_msg"}
{"payload":{"local_timestamp":1694978841127,"stderr":true,"stdout":"^"},"type":"ws_msg"}
{"payload":{"local_timestamp":1694978841127,"stderr":true,"stdout":"^"},"type":"ws_msg"}
{"payload":{"local_timestamp":1694978841127,"stderr":true,"stdout":"^"},"type":"ws_msg"}
{"payload":{"local_timestamp":1694978841127,"stderr":true,"stdout":"^"},"type":"ws_msg"}
{"payload":{"local_timestamp":1694978841127,"stderr":true,"stdout":"^"},"type":"ws_msg"}
{"payload":{"local_timestamp":1694978841127,"stderr":true,"stdout":"^"},"type":"ws_msg"}
{"payload":{"local_timestamp":1694978841127,"stderr":true,"stdout":"^"},"type":"ws_msg"}
{"payload":{"local_timestamp":1694978841127,"stderr":true,"stdout":"^"},"type":"ws_msg"}
{"payload":{"local_timestamp":1694978841127,"stderr":true,"stdout":"^"},"type":"ws_msg"}
{"payload":{"local_timestamp":1694978841127,"stderr":true,"stdout":"^"},"type":"ws_msg"}
{"payload":{"local_timestamp":1694978841127,"stderr":true,"stdout":"^"},"type":"ws_msg"}
{"payload":{"local_timestamp":1694978841127,"stderr":true,"stdout":"^"},"type":"ws_msg"}
{"payload":{"local_timestamp":1694978841127,"stderr":true,"stdout":"^"},"type":"ws_msg"}
{"payload":{"local_timestamp":1694978841127,"stderr":true,"stdout":"^"},"type":"ws_msg"}
{"payload":{"local_timestamp":1694978841127,"stderr":true,"stdout":"^"},"type":"ws_msg"}
{"payload":{"local_timestamp":1694978841127,"stderr":true,"stdout":"^"},"type":"ws_msg"}
{"payload":{"local_timestamp":1694978841127,"stderr":true,"stdout":"^"},"type":"ws_msg"}
{"payload":{"local_timestamp":1694978841127,"stderr":true,"stdout":"^"},"type":"ws_msg"}
{"payload":{"local_timestamp":1694978841127,"stderr":true,"stdout":"^"},"type":"ws_msg"}
{"payload":{"local_timestamp":1694978841127,"stderr":true,"stdout":"^"},"type":"ws_msg"}
{"payload":{"local_timestamp":1694978841127,"stderr":true,"stdout":"^"},"type":"ws_msg"}
{"payload":{"local_timestamp":1694978841127,"stderr":true,"stdout":"\n"},"type":"ws_msg"}
{"payload":{"local_timestamp":1694978841127,"stderr":true,"stdout":"  File \"C:\\Users\\heyit\\Lib\\site-packages\\yaml\\parser.py\", line 98, in check_event\n"},"type":"ws_msg"}
{"payload":{"local_timestamp":1694978841146,"stderr":true,"stdout":"    "},"type":"ws_msg"}
{"payload":{"local_timestamp":1694978841146,"stderr":true,"stdout":"self.current_event = self.state()"},"type":"ws_msg"}
{"payload":{"local_timestamp":1694978841146,"stderr":true,"stdout":"\n"},"type":"ws_msg"}
{"payload":{"local_timestamp":1694978841146,"stderr":true,"stdout":" "},"type":"ws_msg"}
{"payload":{"local_timestamp":1694978841146,"stderr":true,"stdout":" "},"type":"ws_msg"}
{"payload":{"local_timestamp":1694978841146,"stderr":true,"stdout":" "},"type":"ws_msg"}
{"payload":{"local_timestamp":1694978841146,"stderr":true,"stdout":" "},"type":"ws_msg"}
{"payload":{"local_timestamp":1694978841146,"stderr":true,"stdout":" "},"type":"ws_msg"}
{"payload":{"local_timestamp":1694978841146,"stderr":true,"stdout":" "},"type":"ws_msg"}
{"payload":{"local_timestamp":1694978841146,"stderr":true,"stdout":" "},"type":"ws_msg"}
{"payload":{"local_timestamp":1694978841146,"stderr":true,"stdout":" "},"type":"ws_msg"}
{"payload":{"local_timestamp":1694978841146,"stderr":true,"stdout":" "},"type":"ws_msg"}
{"payload":{"local_timestamp":1694978841146,"stderr":true,"stdout":" "},"type":"ws_msg"}
{"payload":{"local_timestamp":1694978841146,"stderr":true,"stdout":" "},"type":"ws_msg"}
{"payload":{"local_timestamp":1694978841146,"stderr":true,"stdout":" "},"type":"ws_msg"}
{"payload":{"local_timestamp":1694978841146,"stderr":true,"stdout":" "},"type":"ws_msg"}
{"payload":{"local_timestamp":1694978841146,"stderr":true,"stdout":" "},"type":"ws_msg"}
{"payload":{"local_timestamp":1694978841146,"stderr":true,"stdout":" "},"type":"ws_msg"}
{"payload":{"local_timestamp":1694978841146,"stderr":true,"stdout":" "},"type":"ws_msg"}
{"payload":{"local_timestamp":1694978841146,"stderr":true,"stdout":" "},"type":"ws_msg"}
{"payload":{"local_timestamp":1694978841146,"stderr":true,"stdout":" "},"type":"ws_msg"}
{"payload":{"local_timestamp":1694978841146,"stderr":true,"stdout":" "},"type":"ws_msg"}
{"payload":{"local_timestamp":1694978841146,"stderr":true,"stdout":" "},"type":"ws_msg"}
{"payload":{"local_timestamp":1694978841146,"stderr":true,"stdout":" "},"type":"ws_msg"}
{"payload":{"local_timestamp":1694978841146,"stderr":true,"stdout":" "},"type":"ws_msg"}
{"payload":{"local_timestamp":1694978841146,"stderr":true,"stdout":" "},"type":"ws_msg"}
{"payload":{"local_timestamp":1694978841146,"stderr":true,"stdout":" "},"type":"ws_msg"}
{"payload":{"local_timestamp":1694978841146,"stderr":true,"stdout":" "},"type":"ws_msg"}
{"payload":{"local_timestamp":1694978841146,"stderr":true,"stdout":"^"},"type":"ws_msg"}
{"payload":{"local_timestamp":1694978841146,"stderr":true,"stdout":"^"},"type":"ws_msg"}
{"payload":{"local_timestamp":1694978841146,"stderr":true,"stdout":"^"},"type":"ws_msg"}
{"payload":{"local_timestamp":1694978841146,"stderr":true,"stdout":"^"},"type":"ws_msg"}
{"payload":{"local_timestamp":1694978841146,"stderr":true,"stdout":"^"},"type":"ws_msg"}
{"payload":{"local_timestamp":1694978841146,"stderr":true,"stdout":"^"},"type":"ws_msg"}
{"payload":{"local_timestamp":1694978841146,"stderr":true,"stdout":"^"},"type":"ws_msg"}
{"payload":{"local_timestamp":1694978841146,"stderr":true,"stdout":"^"},"type":"ws_msg"}
{"payload":{"local_timestamp":1694978841146,"stderr":true,"stdout":"^"},"type":"ws_msg"}
{"payload":{"local_timestamp":1694978841146,"stderr":true,"stdout":"^"},"type":"ws_msg"}
{"payload":{"local_timestamp":1694978841146,"stderr":true,"stdout":"^"},"type":"ws_msg"}
{"payload":{"local_timestamp":1694978841146,"stderr":true,"stdout":"^"},"type":"ws_msg"}
{"payload":{"local_timestamp":1694978841146,"stderr":true,"stdout":"\n"},"type":"ws_msg"}
{"payload":{"local_timestamp":1694978841146,"stderr":true,"stdout":"  File \"C:\\Users\\heyit\\Lib\\site-packages\\yaml\\parser.py\", line 428, in parse_block_mapping_key\n"},"type":"ws_msg"}
{"payload":{"local_timestamp":1694978841152,"stderr":true,"stdout":"    "},"type":"ws_msg"}
{"payload":{"local_timestamp":1694978841152,"stderr":true,"stdout":"if self.check_token(KeyToken):"},"type":"ws_msg"}
{"payload":{"local_timestamp":1694978841153,"stderr":true,"stdout":"\n"},"type":"ws_msg"}
{"payload":{"local_timestamp":1694978841153,"stderr":true,"stdout":" "},"type":"ws_msg"}
{"payload":{"local_timestamp":1694978841153,"stderr":true,"stdout":" "},"type":"ws_msg"}
{"payload":{"local_timestamp":1694978841153,"stderr":true,"stdout":" "},"type":"ws_msg"}
{"payload":{"local_timestamp":1694978841153,"stderr":true,"stdout":" "},"type":"ws_msg"}
{"payload":{"local_timestamp":1694978841153,"stderr":true,"stdout":" "},"type":"ws_msg"}
{"payload":{"local_timestamp":1694978841153,"stderr":true,"stdout":" "},"type":"ws_msg"}
{"payload":{"local_timestamp":1694978841153,"stderr":true,"stdout":" "},"type":"ws_msg"}
{"payload":{"local_timestamp":1694978841153,"stderr":true,"stdout":"^"},"type":"ws_msg"}
{"payload":{"local_timestamp":1694978841153,"stderr":true,"stdout":"^"},"type":"ws_msg"}
{"payload":{"local_timestamp":1694978841153,"stderr":true,"stdout":"^"},"type":"ws_msg"}
{"payload":{"local_timestamp":1694978841153,"stderr":true,"stdout":"^"},"type":"ws_msg"}
{"payload":{"local_timestamp":1694978841153,"stderr":true,"stdout":"^"},"type":"ws_msg"}
{"payload":{"local_timestamp":1694978841153,"stderr":true,"stdout":"^"},"type":"ws_msg"}
{"payload":{"local_timestamp":1694978841153,"stderr":true,"stdout":"^"},"type":"ws_msg"}
{"payload":{"local_timestamp":1694978841153,"stderr":true,"stdout":"^"},"type":"ws_msg"}
{"payload":{"local_timestamp":1694978841153,"stderr":true,"stdout":"^"},"type":"ws_msg"}
{"payload":{"local_timestamp":1694978841153,"stderr":true,"stdout":"^"},"type":"ws_msg"}
{"payload":{"local_timestamp":1694978841153,"stderr":true,"stdout":"^"},"type":"ws_msg"}
{"payload":{"local_timestamp":1694978841153,"stderr":true,"stdout":"^"},"type":"ws_msg"}
{"payload":{"local_timestamp":1694978841153,"stderr":true,"stdout":"^"},"type":"ws_msg"}
{"payload":{"local_timestamp":1694978841153,"stderr":true,"stdout":"^"},"type":"ws_msg"}
{"payload":{"local_timestamp":1694978841153,"stderr":true,"stdout":"^"},"type":"ws_msg"}
{"payload":{"local_timestamp":1694978841153,"stderr":true,"stdout":"^"},"type":"ws_msg"}
{"payload":{"local_timestamp":1694978841153,"stderr":true,"stdout":"^"},"type":"ws_msg"}
{"payload":{"local_timestamp":1694978841153,"stderr":true,"stdout":"^"},"type":"ws_msg"}
{"payload":{"local_timestamp":1694978841153,"stderr":true,"stdout":"^"},"type":"ws_msg"}
{"payload":{"local_timestamp":1694978841153,"stderr":true,"stdout":"^"},"type":"ws_msg"}
{"payload":{"local_timestamp":1694978841153,"stderr":true,"stdout":"^"},"type":"ws_msg"}
{"payload":{"local_timestamp":1694978841153,"stderr":true,"stdout":"^"},"type":"ws_msg"}
{"payload":{"local_timestamp":1694978841153,"stderr":true,"stdout":"^"},"type":"ws_msg"}
{"payload":{"local_timestamp":1694978841153,"stderr":true,"stdout":"^"},"type":"ws_msg"}
{"payload":{"local_timestamp":1694978841154,"stderr":true,"stdout":"^"},"type":"ws_msg"}
{"payload":{"local_timestamp":1694978841154,"stderr":true,"stdout":"^"},"type":"ws_msg"}
{"payload":{"local_timestamp":1694978841154,"stderr":true,"stdout":"\n"},"type":"ws_msg"}
{"payload":{"local_timestamp":1694978841154,"stderr":true,"stdout":"  File \"C:\\Users\\heyit\\Lib\\site-packages\\yaml\\scanner.py\", line 116, in check_token\n"},"type":"ws_msg"}
{"payload":{"local_timestamp":1694978841157,"stderr":true,"stdout":"    "},"type":"ws_msg"}
{"payload":{"local_timestamp":1694978841157,"stderr":true,"stdout":"self.fetch_more_tokens()"},"type":"ws_msg"}
{"payload":{"local_timestamp":1694978841157,"stderr":true,"stdout":"\n"},"type":"ws_msg"}
{"payload":{"local_timestamp":1694978841158,"stderr":true,"stdout":"  File \"C:\\Users\\heyit\\Lib\\site-packages\\yaml\\scanner.py\", line 223, in fetch_more_tokens\n"},"type":"ws_msg"}
{"payload":{"local_timestamp":1694978841160,"stderr":true,"stdout":"    "},"type":"ws_msg"}
{"payload":{"local_timestamp":1694978841160,"stderr":true,"stdout":"return self.fetch_value()"},"type":"ws_msg"}
{"payload":{"local_timestamp":1694978841161,"stderr":true,"stdout":"\n"},"type":"ws_msg"}
{"payload":{"local_timestamp":1694978841161,"stderr":true,"stdout":" "},"type":"ws_msg"}
{"payload":{"local_timestamp":1694978841161,"stderr":true,"stdout":" "},"type":"ws_msg"}
{"payload":{"local_timestamp":1694978841161,"stderr":true,"stdout":" "},"type":"ws_msg"}
{"payload":{"local_timestamp":1694978841161,"stderr":true,"stdout":" "},"type":"ws_msg"}
{"payload":{"local_timestamp":1694978841161,"stderr":true,"stdout":" "},"type":"ws_msg"}
{"payload":{"local_timestamp":1694978841161,"stderr":true,"stdout":" "},"type":"ws_msg"}
{"payload":{"local_timestamp":1694978841161,"stderr":true,"stdout":" "},"type":"ws_msg"}
{"payload":{"local_timestamp":1694978841161,"stderr":true,"stdout":" "},"type":"ws_msg"}
{"payload":{"local_timestamp":1694978841161,"stderr":true,"stdout":" "},"type":"ws_msg"}
{"payload":{"local_timestamp":1694978841161,"stderr":true,"stdout":" "},"type":"ws_msg"}
{"payload":{"local_timestamp":1694978841161,"stderr":true,"stdout":" "},"type":"ws_msg"}
{"payload":{"local_timestamp":1694978841161,"stderr":true,"stdout":"^"},"type":"ws_msg"}
{"payload":{"local_timestamp":1694978841161,"stderr":true,"stdout":"^"},"type":"ws_msg"}
{"payload":{"local_timestamp":1694978841161,"stderr":true,"stdout":"^"},"type":"ws_msg"}
{"payload":{"local_timestamp":1694978841161,"stderr":true,"stdout":"^"},"type":"ws_msg"}
{"payload":{"local_timestamp":1694978841161,"stderr":true,"stdout":"^"},"type":"ws_msg"}
{"payload":{"local_timestamp":1694978841161,"stderr":true,"stdout":"^"},"type":"ws_msg"}
{"payload":{"local_timestamp":1694978841161,"stderr":true,"stdout":"^"},"type":"ws_msg"}
{"payload":{"local_timestamp":1694978841161,"stderr":true,"stdout":"^"},"type":"ws_msg"}
{"payload":{"local_timestamp":1694978841161,"stderr":true,"stdout":"^"},"type":"ws_msg"}
{"payload":{"local_timestamp":1694978841161,"stderr":true,"stdout":"^"},"type":"ws_msg"}
{"payload":{"local_timestamp":1694978841161,"stderr":true,"stdout":"^"},"type":"ws_msg"}
{"payload":{"local_timestamp":1694978841161,"stderr":true,"stdout":"^"},"type":"ws_msg"}
{"payload":{"local_timestamp":1694978841161,"stderr":true,"stdout":"^"},"type":"ws_msg"}
{"payload":{"local_timestamp":1694978841161,"stderr":true,"stdout":"^"},"type":"ws_msg"}
{"payload":{"local_timestamp":1694978841161,"stderr":true,"stdout":"^"},"type":"ws_msg"}
{"payload":{"local_timestamp":1694978841161,"stderr":true,"stdout":"^"},"type":"ws_msg"}
{"payload":{"local_timestamp":1694978841161,"stderr":true,"stdout":"^"},"type":"ws_msg"}
{"payload":{"local_timestamp":1694978841161,"stderr":true,"stdout":"^"},"type":"ws_msg"}
{"payload":{"local_timestamp":1694978841161,"stderr":true,"stdout":"\n"},"type":"ws_msg"}
{"payload":{"local_timestamp":1694978841161,"stderr":true,"stdout":"  File \"C:\\Users\\heyit\\Lib\\site-packages\\yaml\\scanner.py\", line 577, in fetch_value\n"},"type":"ws_msg"}
{"payload":{"local_timestamp":1694978841161,"stderr":true,"stdout":"    "},"type":"ws_msg"}
{"payload":{"local_timestamp":1694978841161,"stderr":true,"stdout":"raise ScannerError(None, None,"},"type":"ws_msg"}
{"payload":{"local_timestamp":1694978841168,"stderr":true,"stdout":"\n"},"type":"ws_msg"}
{"payload":{"local_timestamp":1694978841168,"stderr":true,"stdout":"yaml.scanner"},"type":"ws_msg"}
{"payload":{"local_timestamp":1694978841169,"stderr":true,"stdout":"."},"type":"ws_msg"}
{"payload":{"local_timestamp":1694978841169,"stderr":true,"stdout":"ScannerError"},"type":"ws_msg"}
{"payload":{"local_timestamp":1694978841169,"stderr":true,"stdout":": "},"type":"ws_msg"}
{"payload":{"local_timestamp":1694978841169,"stderr":true,"stdout":"mapping values are not allowed here\n  in \"dataset.yml\", line 4, column 5"},"type":"ws_msg"}
{"payload":{"local_timestamp":1694978841171,"stderr":true,"stdout":"\n"},"type":"ws_msg"}
{"payload":{"local_timestamp":1694978841409,"stderr":true,"stdout":"\u001b[1;38;5;39mCOMET INFO:\u001b[0m Couldn't find a Git repository in 'E:\\\\ODETECT\\\\drowsiness\\\\yolov5\\\\yolov5-master' nor in any parent directory. Set `COMET_GIT_DIRECTORY` if your Git Repository is elsewhere.\n"},"type":"ws_msg"}
{"payload":{"local_timestamp":1694978841409,"stderr":true,"stdout":"\u001b[1;38;5;39mCOMET INFO:\u001b[0m ---------------------------------------------------------------------------------------\n"},"type":"ws_msg"}
{"payload":{"local_timestamp":1694978841409,"stderr":true,"stdout":"\u001b[1;38;5;39mCOMET INFO:\u001b[0m Comet.ml OfflineExperiment Summary\n"},"type":"ws_msg"}
{"payload":{"local_timestamp":1694978841409,"stderr":true,"stdout":"\u001b[1;38;5;39mCOMET INFO:\u001b[0m ---------------------------------------------------------------------------------------\n"},"type":"ws_msg"}
{"payload":{"local_timestamp":1694978841409,"stderr":true,"stdout":"\u001b[1;38;5;39mCOMET INFO:\u001b[0m   Data:\n"},"type":"ws_msg"}
{"payload":{"local_timestamp":1694978841409,"stderr":true,"stdout":"\u001b[1;38;5;39mCOMET INFO:\u001b[0m     display_summary_level : 1\n"},"type":"ws_msg"}
{"payload":{"local_timestamp":1694978841409,"stderr":true,"stdout":"\u001b[1;38;5;39mCOMET INFO:\u001b[0m     url                   : [OfflineExperiment will get URL after upload]\n"},"type":"ws_msg"}
{"payload":{"local_timestamp":1694978841423,"stderr":true,"stdout":"\u001b[1;38;5;39mCOMET INFO:\u001b[0m   Others:\n"},"type":"ws_msg"}
{"payload":{"local_timestamp":1694978841423,"stderr":true,"stdout":"\u001b[1;38;5;39mCOMET INFO:\u001b[0m     Name               : exp\n"},"type":"ws_msg"}
{"payload":{"local_timestamp":1694978841424,"stderr":true,"stdout":"\u001b[1;38;5;39mCOMET INFO:\u001b[0m     offline_experiment : True\n"},"type":"ws_msg"}
{"payload":{"local_timestamp":1694978841424,"stderr":true,"stdout":"\u001b[1;38;5;39mCOMET INFO:\u001b[0m   Uploads:\n"},"type":"ws_msg"}
{"payload":{"local_timestamp":1694978841425,"stderr":true,"stdout":"\u001b[1;38;5;39mCOMET INFO:\u001b[0m     environment details : 1\n"},"type":"ws_msg"}
{"payload":{"local_timestamp":1694978841425,"stderr":true,"stdout":"\u001b[1;38;5;39mCOMET INFO:\u001b[0m     installed packages  : 1\n"},"type":"ws_msg"}
{"payload":{"local_timestamp":1694978841426,"stderr":true,"stdout":"\u001b[1;38;5;39mCOMET INFO:\u001b[0m \n"},"type":"ws_msg"}
